<?xml version="1.0"?>
<!DOCTYPE look-and-feel PUBLIC "-//Liferay//DTD Look and Feel 7.3.0//EN" "http://www.liferay.com/dtd/liferay-look-and-feel_7_3_0.dtd">

<look-and-feel>
	<compatibility>
		<version>7.3.0+</version>
	</compatibility>
	<theme id="zona-publica-theme" name="Zona Publica">
		<template-extension>ftl</template-extension>
		<settings>
			<setting configurable="true" key="footer-id" type="text" value="url-title-webcontent" />
			<setting configurable="true" key="alert-maintance-id" type="text" value="url-title-webcontent" />
			<setting configurable="true" key="url-sitio-porvenir" type="text" value="/web/personas/inicio" />
			<setting configurable="true" key="url-sitio-generacion-porvenir" type="text" value="http://www.porvenir.com.co" />
			<setting configurable="true" key="url-sitio-construyendo-porvenir" type="text" value="http://www.porvenir.com.co" />
			<setting configurable="true" key="url-sitio-consolidando-porvenir" type="text" value="http://www.porvenir.com.co" />
			<setting configurable="true" key="url-sitio-disfrutando-porvenir" type="text" value="http://www.porvenir.com.co" />
			<setting configurable="true" key="url-sitio-empresa-porvenir" type="text" value="http://www.porvenir.com.co" />
			<setting configurable="true" key="url-sitio-invalidez-supervivencia" type="text" value="http://www.porvenir.com.co" />
			<setting configurable="true" key="menu-porvenir-id" type="text" value="url-title-webcontent" />
			<setting configurable="true" key="menu-generacion-id" type="text" value="url-title-webcontent" />
			<setting configurable="true" key="menu-construyendo-id" type="text" value="url-title-webcontent" />
			<setting configurable="true" key="menu-consolidando-id" type="text" value="url-title-webcontent" />
			<setting configurable="true" key="menu-disfrutando-id" type="text" value="url-title-webcontent" />
			<setting configurable="true" key="menu-empresa-id" type="text" value="url-title-webcontent" />
			<setting configurable="true" key="show-button-whatsapp" type="checkbox" value="false" />
			<setting configurable="true" key="whatsapp-button-script" type="textarea" value="" />
		</settings>
		<color-scheme id="01" name="Porvenir">
			<default-cs>true</default-cs>
			<css-class>general</css-class>
			<color-scheme-images-path>
				${images-path}/color_schemes/${css-class}
			</color-scheme-images-path>
		</color-scheme>
		<color-scheme id="02" name="Pensiones Obligatorias">
			<css-class>p-obligatoria</css-class>
			<color-scheme-images-path>
				${images-path}/color_schemes/${css-class}
			</color-scheme-images-path>
		</color-scheme>
		<color-scheme id="03" name="Pensiones Voluntarias">
			<css-class>p-voluntarias</css-class>
			<color-scheme-images-path>
				${images-path}/color_schemes/${css-class}
			</color-scheme-images-path>
		</color-scheme>
		<color-scheme id="04" name="Cesantias">
			<css-class>cesantias</css-class>
			<color-scheme-images-path>
				${images-path}/color_schemes/${css-class}
			</color-scheme-images-path>
		</color-scheme>
		<color-scheme id="05" name="Empresas">
			<css-class>empresas</css-class>
			<color-scheme-images-path>
				${images-path}/color_schemes/${css-class}
			</color-scheme-images-path>
		</color-scheme>
		<color-scheme id="06" name="Noticias">
			<css-class>noticias</css-class>
			<color-scheme-images-path>
				${images-path}/color_schemes/${css-class}
			</color-scheme-images-path>
		</color-scheme>
		<layout-templates>
			<custom>
				<layout-template id="layout_noticias_1" name="noticias_1">
					<template-path> /layouttpl/custom/layout_noticias_1/noticias-1.tpl </template-path>
					<thumbnail-path> /layouttpl/custom/layout_noticias_1/noticias-1.png </thumbnail-path>
				</layout-template>
			</custom>
		</layout-templates>
		<portlet-decorator id="barebone" name="Barebone">
			<default-portlet-decorator>true</default-portlet-decorator>
			<portlet-decorator-css-class>portlet-barebone</portlet-decorator-css-class>
		</portlet-decorator>
		<portlet-decorator id="borderless" name="Borderless">
			<portlet-decorator-css-class>portlet-borderless</portlet-decorator-css-class>
		</portlet-decorator>
		<portlet-decorator id="decorate" name="Decorate">
			<portlet-decorator-css-class>portlet-decorate</portlet-decorator-css-class>
		</portlet-decorator>
	</theme>
</look-and-feel>